1,https://bookinxisto.com/pt/lodge-catalog/lodge?id=1,Convento da Sertã Hotel
2,https://bookinxisto.com/pt/lodge-catalog/lodge?id=2,Casa Princesa Peralta
4,https://bookinxisto.com/pt/lodge-catalog/lodge?id=4,Casa da Laranjeira - Aldeia de Camelo
5,https://bookinxisto.com/pt/lodge-catalog/lodge?id=5,Casinha do Conde
6,https://bookinxisto.com/pt/lodge-catalog/lodge?id=6,Casa da Cancela - Aldeia Oliveiras
9,https://bookinxisto.com/pt/lodge-catalog/lodge?id=9,Casa da Tia Bela - Casas do Favacal
10,https://bookinxisto.com/pt/lodge-catalog/lodge?id=10,Casa da Tia Rosa - Casas do Favacal
11,https://bookinxisto.com/pt/lodge-catalog/lodge?id=11,Quinta da Palmeira - Country House Retreat
12,https://bookinxisto.com/pt/lodge-catalog/lodge?id=12,Vale do Ninho - Casa Noitibó
13,https://bookinxisto.com/pt/lodge-catalog/lodge?id=13,Casa do Forno - Cerdeira Village
14,https://bookinxisto.com/pt/lodge-catalog/lodge?id=14,Casa da Escada - Cerdeira Village
15,https://bookinxisto.com/pt/lodge-catalog/lodge?id=15,Casa da Janela - Cerdeira Village
16,https://bookinxisto.com/pt/lodge-catalog/lodge?id=16,Casa das Estórias - Cerdeira Village
17,https://bookinxisto.com/pt/lodge-catalog/lodge?id=17,Casa do Sol - Cerdeira Village
18,https://bookinxisto.com/pt/lodge-catalog/lodge?id=18,Casa do Vale - Cerdeira Village
19,https://bookinxisto.com/pt/lodge-catalog/lodge?id=19,Casa da Árvore - Cerdeira Village
20,https://bookinxisto.com/pt/lodge-catalog/lodge?id=20,Casa das Vizinhas - Cerdeira Village
22,https://bookinxisto.com/pt/lodge-catalog/lodge?id=22,Casa do Rosmaninho
23,https://bookinxisto.com/pt/lodge-catalog/lodge?id=23,Casa do Ferro - Aldeia Oliveiras
24,https://bookinxisto.com/pt/lodge-catalog/lodge?id=24,Casa da Travessa - Aldeia Oliveiras
25,https://bookinxisto.com/pt/lodge-catalog/lodge?id=25,Casa da Pífara - Aldeia Oliveiras
26,https://bookinxisto.com/pt/lodge-catalog/lodge?id=26,Villa Pampilhosa Hotel
27,https://bookinxisto.com/pt/lodge-catalog/lodge?id=27,Casa Cova do Barro
28,https://bookinxisto.com/pt/lodge-catalog/lodge?id=28,Casa da Serra - Camping Oleiros
29,https://bookinxisto.com/pt/lodge-catalog/lodge?id=29,Casa da Ponte - Camping Oleiros
30,https://bookinxisto.com/pt/lodge-catalog/lodge?id=30,Casa do Açude - Camping Oleiros
31,https://bookinxisto.com/pt/lodge-catalog/lodge?id=31,Casa da Ribeira - Camping Oleiros
32,https://bookinxisto.com/pt/lodge-catalog/lodge?id=32,Casa do Moinho - Camping Oleiros
34,https://bookinxisto.com/pt/lodge-catalog/lodge?id=34,Casas da Encosta
35,https://bookinxisto.com/pt/lodge-catalog/lodge?id=35,Casa da Urze
36,https://bookinxisto.com/pt/lodge-catalog/lodge?id=36,Casa da Ladeira
37,https://bookinxisto.com/pt/lodge-catalog/lodge?id=37,Casa do Zé Sapateiro
38,https://bookinxisto.com/pt/lodge-catalog/lodge?id=38,Vale do Ninho - Casa Cuco
39,https://bookinxisto.com/pt/lodge-catalog/lodge?id=39,Vale do Ninho - Casa Pica-Pau
40,https://bookinxisto.com/pt/lodge-catalog/lodge?id=40,Hotel Rural Quinta da Geia
42,https://bookinxisto.com/pt/lodge-catalog/lodge?id=42,Casa Alecrim - Xisto Sentido
43,https://bookinxisto.com/pt/lodge-catalog/lodge?id=43,Casa Amores-Perfeitos - Xisto Sentido
44,https://bookinxisto.com/pt/lodge-catalog/lodge?id=44,Casa Rosmaninho - Xisto Sentido
45,https://bookinxisto.com/pt/lodge-catalog/lodge?id=45,Casa Alfazema - Xisto Sentido
46,https://bookinxisto.com/pt/lodge-catalog/lodge?id=46,Hotel Santa Margarida
47,https://bookinxisto.com/pt/lodge-catalog/lodge?id=47,Casa de Campo da Comareira - Ninho da Coruja
48,https://bookinxisto.com/pt/lodge-catalog/lodge?id=48,Casa de Campo da Comareira - Toca da Raposa
49,https://bookinxisto.com/pt/lodge-catalog/lodge?id=49,Casa de Campo da Comareira - Prado do Corço
50,https://bookinxisto.com/pt/lodge-catalog/lodge?id=50,Casa das Bugalhas
51,https://bookinxisto.com/pt/lodge-catalog/lodge?id=51,Sete Quintas
52,https://bookinxisto.com/pt/lodge-catalog/lodge?id=52,Casa Nascente - Casal Frias
53,https://bookinxisto.com/pt/lodge-catalog/lodge?id=53,Casa Poente - Casal Frias
54,https://bookinxisto.com/pt/lodge-catalog/lodge?id=54,Casa de Janeiro
55,https://bookinxisto.com/pt/lodge-catalog/lodge?id=55,Hotel Parque Serra da Lousã
57,https://bookinxisto.com/pt/lodge-catalog/lodge?id=57,Casa Lausus
58,https://bookinxisto.com/pt/lodge-catalog/lodge?id=58,Sotam Country House
59,https://bookinxisto.com/pt/lodge-catalog/lodge?id=59,Casa da Ribeira - Aldeia de Camelo
60,https://bookinxisto.com/pt/lodge-catalog/lodge?id=60,Casa do Forno - Aldeia de Camelo
61,https://bookinxisto.com/pt/lodge-catalog/lodge?id=61,Casa da Torre - Aldeia de Camelo
62,https://bookinxisto.com/pt/lodge-catalog/lodge?id=62,Casa do Lagar - Vilar dos Condes
63,https://bookinxisto.com/pt/lodge-catalog/lodge?id=63,Casa do Forno - Vilar dos Condes
64,https://bookinxisto.com/pt/lodge-catalog/lodge?id=64,Casa do Páteo - Vilar dos Condes
65,https://bookinxisto.com/pt/lodge-catalog/lodge?id=65,Casa do Caniço - Vilar dos Condes
66,https://bookinxisto.com/pt/lodge-catalog/lodge?id=66,Casa da Eira - Vilar dos Condes
67,https://bookinxisto.com/pt/lodge-catalog/lodge?id=67,Casa da Pedra Rolada
68,https://bookinxisto.com/pt/lodge-catalog/lodge?id=68,Casa O Medronheiro
71,https://bookinxisto.com/pt/lodge-catalog/lodge?id=71,Casa do Olival
72,https://bookinxisto.com/pt/lodge-catalog/lodge?id=72,Casa do Dão
73,https://bookinxisto.com/pt/lodge-catalog/lodge?id=73,Casa da Ameixeira - Casas dos Carregais
74,https://bookinxisto.com/pt/lodge-catalog/lodge?id=74,Casa da Cerejeira - Casas dos Carregais
75,https://bookinxisto.com/pt/lodge-catalog/lodge?id=75,Casa da Laranjeira - Casas dos Carregais
76,https://bookinxisto.com/pt/lodge-catalog/lodge?id=76,Casa da Oliveira - Casas dos Carregais
77,https://bookinxisto.com/pt/lodge-catalog/lodge?id=77,Casa do Castanheiro - Casas dos Carregais
78,https://bookinxisto.com/pt/lodge-catalog/lodge?id=78,Casa do Medronheiro - Casas dos Carregais
79,https://bookinxisto.com/pt/lodge-catalog/lodge?id=79,Quinta da Moenda
80,https://bookinxisto.com/pt/lodge-catalog/lodge?id=80,Casa Cimeira
81,https://bookinxisto.com/pt/lodge-catalog/lodge?id=81,Casas do Rio
82,https://bookinxisto.com/pt/lodge-catalog/lodge?id=82,Casa da Eira de Cima
87,https://bookinxisto.com/pt/lodge-catalog/lodge?id=87,Casa do Forno - Casas de Água Formosa
89,https://bookinxisto.com/pt/lodge-catalog/lodge?id=89,Casa Nascente - Casas de Água Formosa
90,https://bookinxisto.com/pt/lodge-catalog/lodge?id=90,Casa da Eira – Casas de Água Formosa
91,https://bookinxisto.com/pt/lodge-catalog/lodge?id=91,Casa Nova – Casas de Água Formosa
92,https://bookinxisto.com/pt/lodge-catalog/lodge?id=92,Casa da Fonte – Casas de Água Formosa
93,https://bookinxisto.com/pt/lodge-catalog/lodge?id=93,Campus Natura
95,https://bookinxisto.com/pt/lodge-catalog/lodge?id=95,Casa da Azeitona - Cerdeira Village
96,https://bookinxisto.com/pt/lodge-catalog/lodge?id=96,Aqua Village Health Resort & SPA
98,https://bookinxisto.com/pt/lodge-catalog/lodge?id=98,Casa de Santo Antão
99,https://bookinxisto.com/pt/lodge-catalog/lodge?id=99,Lameirinhos Casa De Campo
108,https://bookinxisto.com/pt/lodge-catalog/lodge?id=108,Casa Ti´Augusta
111,https://bookinxisto.com/pt/lodge-catalog/lodge?id=111,Casa Mãe - Mountain Whisper
112,https://bookinxisto.com/pt/lodge-catalog/lodge?id=112,Casa da Nogueira - Mountain Whisper
113,https://bookinxisto.com/pt/lodge-catalog/lodge?id=113,Casa da Paisagem - Mountain Whisper
114,https://bookinxisto.com/pt/lodge-catalog/lodge?id=114,Casa da Terra - Mountain Whisper
115,https://bookinxisto.com/pt/lodge-catalog/lodge?id=115,Casa da Madeira - Mountain Whisper
4,https://bookinxisto.com/pt/experience-catalog/experience?id=4,No Caminho de Xisto
22,https://bookinxisto.com/pt/experience-catalog/experience?id=22,Pelas Cascatas
31,https://bookinxisto.com/pt/experience-catalog/experience?id=31,Passeio Geológico
32,https://bookinxisto.com/pt/experience-catalog/experience?id=32,Entre Anjos e Santos
33,https://bookinxisto.com/pt/experience-catalog/experience?id=33,Passeio Fluvial
140,https://bookinxisto.com/pt/experience-catalog/experience?id=140,Restaurante Bem me Quer - Menu Degustação
144,https://bookinxisto.com/pt/experience-catalog/experience?id=144,Viagem a pé pelas Aldeias do Xisto
146,https://bookinxisto.com/pt/experience-catalog/experience?id=146,Viagem em BTT pelas Aldeias do Xisto
147,https://bookinxisto.com/pt/experience-catalog/experience?id=147,Restaurante Fiado - Menu Degustação
149,https://bookinxisto.com/pt/experience-catalog/experience?id=149,Restaurante João Brandão - Menu Degustação
150,https://bookinxisto.com/pt/experience-catalog/experience?id=150,Restaurante Museu da Chanfana - Menu Degustação
151,https://bookinxisto.com/pt/experience-catalog/experience?id=151,Restaurante O Buke - Menu Degustação
154,https://bookinxisto.com/pt/experience-catalog/experience?id=154,Restaurante Ponte Velha - Menu Degustação
155,https://bookinxisto.com/pt/experience-catalog/experience?id=155,Restaurante Santo Amaro - Menu Degustação
156,https://bookinxisto.com/pt/experience-catalog/experience?id=156,Restaurante Casa Ti Augusta - Menu Degustação
157,https://bookinxisto.com/pt/experience-catalog/experience?id=157,Restaurante Varanda do Casal - Menu Degustação
158,https://bookinxisto.com/pt/experience-catalog/experience?id=158,Restaurante Sabores da Aldeia - Menu Degustação
205,https://bookinxisto.com/pt/experience-catalog/experience?id=205,Cabaz Júnior
206,https://bookinxisto.com/pt/experience-catalog/experience?id=206,Lagarada
214,https://bookinxisto.com/pt/experience-catalog/experience?id=214,Cabaz Merendeiro
215,https://bookinxisto.com/pt/experience-catalog/experience?id=215,Cabaz Guloso
235,https://bookinxisto.com/pt/experience-catalog/experience?id=235,Workshop de Figurado em Cerâmica
241,https://bookinxisto.com/pt/experience-catalog/experience?id=241,Workshop de construção de casas de xisto em miniatura
246,https://bookinxisto.com/pt/experience-catalog/experience?id=246,Restaurante Fiado - Menu Espírito do Lugar
247,https://bookinxisto.com/pt/experience-catalog/experience?id=247,Restaurante Museu da Chanfana - Menu Espírito do Lugar
249,https://bookinxisto.com/pt/experience-catalog/experience?id=249,Restaurante João Brandão - Menu Espírito do Lugar
250,https://bookinxisto.com/pt/experience-catalog/experience?id=250,Restaurante Sabores da Aldeia - Menu Espírito do Lugar
251,https://bookinxisto.com/pt/experience-catalog/experience?id=251,Restaurante O Buke - Menu Espírito do Lugar
252,https://bookinxisto.com/pt/experience-catalog/experience?id=252,Restaurante Santo Amaro - Menu Espírito do Lugar
253,https://bookinxisto.com/pt/experience-catalog/experience?id=253,Restaurante Casa Ti Augusta - Menu Espírito do Lugar
254,https://bookinxisto.com/pt/experience-catalog/experience?id=254,Restaurante Varanda do Casal - Menu Espírito do Lugar
282,https://bookinxisto.com/pt/experience-catalog/experience?id=282,Percurso Botânico por Pedrogão Pequeno
284,https://bookinxisto.com/pt/experience-catalog/experience?id=284,Restaurante Callum - Menu Cabrito Estonado
295,https://bookinxisto.com/pt/experience-catalog/experience?id=295,Aventura e Gastronomia na Serra da Lousã - 1 noite 2 pessoas
296,https://bookinxisto.com/pt/experience-catalog/experience?id=296,Aventura e Gastronomia na Serra da Lousã - 2 noites 2 pessoas
297,https://bookinxisto.com/pt/experience-catalog/experience?id=297,Aventura e Gastronomia na Serra da Lousã - 2 noites 4 pessoas
308,https://bookinxisto.com/pt/experience-catalog/experience?id=308,Brama dos Veados - 2 noites para 2 pessoas e 1 jantar
309,https://bookinxisto.com/pt/experience-catalog/experience?id=309,Bramar dos Veados - Sunset walk Gondramaz
